model,accuracy,precision,recall,f1
knn,0.9290909090909091,0.888235294117647,0.606425702811245,0.720763723150358
random_forest,0.8963636363636364,0.6392857142857142,0.7188755020080321,0.6767485822306238
linear_svm,0.8612121212121212,0.5335570469798657,0.6385542168674698,0.5813528336380256
logistic_regression,0.8436363636363636,0.486646884272997,0.6586345381526104,0.5597269624573379
