{
  "accuracy": 0.8963636363636364,
  "precision": 0.6392857142857142,
  "recall": 0.7188755020080321,
  "f1": 0.6767485822306238
}