{
  "accuracy": 0.8612121212121212,
  "precision": 0.5335570469798657,
  "recall": 0.6385542168674698,
  "f1": 0.5813528336380256
}