{
  "accuracy": 0.8436363636363636,
  "precision": 0.486646884272997,
  "recall": 0.6586345381526104,
  "f1": 0.5597269624573379
}