{
  "accuracy": 0.9290909090909091,
  "precision": 0.888235294117647,
  "recall": 0.606425702811245,
  "f1": 0.720763723150358
}