method,accuracy
Compiler-based,0.6713638651233015
Tree-based NN,0.8278812279818822
Local Logistic Regression,0.8436363636363636
Local Linear SVM,0.8612121212121212
ML-based,0.8782083543029693
Local Random Forest,0.8963636363636364
Local KNN,0.9290909090909092
LLM-based,0.9330649219929542
